{
  "assetsByChunkName": {
    "vendors~app-account~app-confirmation~app-order": "chunk.10edf217293be3e8218a.js",
    "vendors~app-account~app-checkout": "chunk.f85b17f49e356521d38e.js",
    "vendors~app-cart~app-checkout": "chunk.ffd2cd8907ff1c3e1689.js",
    "admin": [
      "admin.c92726eb95bd64659cff.js",
      "admin.c92726eb95bd64659cff.js.map"
    ],
    "app-account": "chunk.50672a72234d32dced03.js",
    "app-checkout": "chunk.a22dadac8ba696444215.js",
    "app-confirmation": "chunk.36698cab3d099d54ddc9.js",
    "checkout": [
      "checkout.87037ec1b2425502b76f.js",
      "checkout.87037ec1b2425502b76f.js.map"
    ],
    "storefront": [
      "storefront.f55f911e3976908fd4fe.css",
      "storefront.32e8f9c45066312de489.js",
      "storefront.f55f911e3976908fd4fe.css.map",
      "storefront.32e8f9c45066312de489.js.map"
    ],
    "vendors~app-cart": "chunk.bc8c818dde27e5c37dd6.js",
    "vendors~app-order": "chunk.8f7bc988e3dc29872b93.js"
  }
}